{
    "title":"导数的基本计算",
    "course":"数学",
    "chapter":"导数与微分",
    "description":"本次练习主要包括导数的概念和定义、常见函数的导数、导数的四则运算。",
    "questions":[
        {
            "question":"函数$y=x^2$的导数为",
            "type":"choice",
            "options":["$2x$","$2$","$0$","$x$"],
            "answer":0,
            "explain":"幂函数$y=x^n$的导数为$nx^(n-1)$"
        },
        {
            "question":"设有可导函数$f(x)$和$g(x)$，则以下说法正确的有",
            "type":"mchoice",
            "options":["$[f(x)+g(x)]'=f'(x)+g'(x)$","$[f(x)-g(x)]'=f'(x)-g'(x)$","$[f(x) \\cdot g(x)]'=f'(x) \\cdot g'(x)$","$[\\frac{f(x)}{g(x)}]'=\\frac{f'(x)}{g'(x)}$\n（其中$g(x)$和$g'(x)$不为0）"],
            "answer":[0,1],
            "explain":"幂函数$y=x^n$的导数为$nx^(n-1)$"
        }
    ],
    "meta":{
    }
}