{
    "title":"导数的基本计算",
    "course":"数学",
    "chapter":"导数与微分",
    "description":"本次练习主要包括导数的概念和定义、常见函数的导数、导数的四则运算。",
    "questions":[
        {
            "question":"函数$y=x^2$的导数为",
            "type":"choice",
            "options":["$2x$","$2$","$0$","$x$"],
            "answer":0,
            "explain":"幂函数$y=x^n$的导数为$nx^(n-1)$"
        },
        {
            "question":"设有可导函数$f(x)$和$g(x)$，则以下说法正确的有",
            "type":"mchoice",
            "options":["$[f(x)+g(x)]'=f'(x)+g'(x)$","$[f(x)-g(x)]'=f'(x)-g'(x)$","$[f(x) \\cdot g(x)]'=f'(x) \\cdot g'(x)$","$[\\frac{f(x)}{g(x)}]'=\\frac{f'(x)}{g'(x)}$\n（其中$g(x)$和$g'(x)$不为0）"],
            "answer":[0,1],
            "explain":"函数和差的导数等于它们的导数的和差，但乘法和除法不是。$"
        },
        {
            "question":"$\\lim_{x \\to 1} x^2=$___",
            "type":"blank",
            "answer":"1",
            "explain":"代入即可。$"
        },{
            "question":"方程$x^2=1$在实数范围内的解为$x_1=$___和$x_2=$___（请从小到大排列）",
            "type":"blank",
            "answer":["-1","1"],
            "explain":"众所周知。"
        },{
            "question":"换行\n测试$x_2$<table><tr><td>1</td></tr></table>",
            "type":"solution",
            "explain":"#{lt}"
        }
    ],
    "meta":{
        "lt":{
            "type":"text",
            "content":"长文本"
        }
    }
}